17,-9,exMQ2hzdVf7cuZlE29VcT9g6vUI=,npj8Byz9GDYNnuYs3Pey34tDiIA=
17,-8,exMQ2hzdVf7cuZlE29VcT9g6vUI=,WCSdHcZPkWcYMuPajprSMxt6n/M=
18,-9,exMQ2hzdVf7cuZlE29VcT9g6vUI=,RP81DPFOJlmNvsgz9S+Buu02xHY=
19,-14,exMQ2hzdVf7cuZlE29VcT9g6vUI=,npj8Byz9GDYNnuYs3Pey34tDiIA=
17,-10,exMQ2hzdVf7cuZlE29VcT9g6vUI=,npj8Byz9GDYNnuYs3Pey34tDiIA=
18,-10,exMQ2hzdVf7cuZlE29VcT9g6vUI=,RP81DPFOJlmNvsgz9S+Buu02xHY=
18,-11,exMQ2hzdVf7cuZlE29VcT9g6vUI=,npj8Byz9GDYNnuYs3Pey34tDiIA=
16,-11,exMQ2hzdVf7cuZlE29VcT9g6vUI=,npj8Byz9GDYNnuYs3Pey34tDiIA=
16,-10,exMQ2hzdVf7cuZlE29VcT9g6vUI=,npj8Byz9GDYNnuYs3Pey34tDiIA=
17,-11,exMQ2hzdVf7cuZlE29VcT9g6vUI=,npj8Byz9GDYNnuYs3Pey34tDiIA=
24,-2,exMQ2hzdVf7cuZlE29VcT9g6vUI=,cNVC7sqmgsHyKE2ayp8SvBZSxHw=
23,-2,exMQ2hzdVf7cuZlE29VcT9g6vUI=,fyoEISuakpfVvmGK8gqS0D5KmF4=
24,-1,exMQ2hzdVf7cuZlE29VcT9g6vUI=,cNVC7sqmgsHyKE2ayp8SvBZSxHw=
23,-1,exMQ2hzdVf7cuZlE29VcT9g6vUI=,fyoEISuakpfVvmGK8gqS0D5KmF4=
18,-13,exMQ2hzdVf7cuZlE29VcT9g6vUI=,npj8Byz9GDYNnuYs3Pey34tDiIA=
26,-2,exMQ2hzdVf7cuZlE29VcT9g6vUI=,jxDTxeScVtGODzIFXsdXNT+B2vE=
25,-2,exMQ2hzdVf7cuZlE29VcT9g6vUI=,cNVC7sqmgsHyKE2ayp8SvBZSxHw=
18,-14,exMQ2hzdVf7cuZlE29VcT9g6vUI=,npj8Byz9GDYNnuYs3Pey34tDiIA=
25,-1,exMQ2hzdVf7cuZlE29VcT9g6vUI=,cNVC7sqmgsHyKE2ayp8SvBZSxHw=
17,-14,exMQ2hzdVf7cuZlE29VcT9g6vUI=,npj8Byz9GDYNnuYs3Pey34tDiIA=
16,-13,exMQ2hzdVf7cuZlE29VcT9g6vUI=,npj8Byz9GDYNnuYs3Pey34tDiIA=
16,-14,exMQ2hzdVf7cuZlE29VcT9g6vUI=,npj8Byz9GDYNnuYs3Pey34tDiIA=
26,-1,exMQ2hzdVf7cuZlE29VcT9g6vUI=,jxDTxeScVtGODzIFXsdXNT+B2vE=
17,-13,exMQ2hzdVf7cuZlE29VcT9g6vUI=,npj8Byz9GDYNnuYs3Pey34tDiIA=
18,-12,exMQ2hzdVf7cuZlE29VcT9g6vUI=,npj8Byz9GDYNnuYs3Pey34tDiIA=
17,-12,exMQ2hzdVf7cuZlE29VcT9g6vUI=,npj8Byz9GDYNnuYs3Pey34tDiIA=
16,-12,exMQ2hzdVf7cuZlE29VcT9g6vUI=,npj8Byz9GDYNnuYs3Pey34tDiIA=
19,-13,exMQ2hzdVf7cuZlE29VcT9g6vUI=,npj8Byz9GDYNnuYs3Pey34tDiIA=
19,-12,exMQ2hzdVf7cuZlE29VcT9g6vUI=,npj8Byz9GDYNnuYs3Pey34tDiIA=
19,-10,exMQ2hzdVf7cuZlE29VcT9g6vUI=,RP81DPFOJlmNvsgz9S+Buu02xHY=
19,-11,exMQ2hzdVf7cuZlE29VcT9g6vUI=,npj8Byz9GDYNnuYs3Pey34tDiIA=
19,-9,exMQ2hzdVf7cuZlE29VcT9g6vUI=,RP81DPFOJlmNvsgz9S+Buu02xHY=
28,-2,exMQ2hzdVf7cuZlE29VcT9g6vUI=,Plsf8jDoIl49vxSlHsI4cVA6QnU=
27,-2,exMQ2hzdVf7cuZlE29VcT9g6vUI=,jxDTxeScVtGODzIFXsdXNT+B2vE=
27,-1,exMQ2hzdVf7cuZlE29VcT9g6vUI=,jxDTxeScVtGODzIFXsdXNT+B2vE=
28,-1,exMQ2hzdVf7cuZlE29VcT9g6vUI=,Plsf8jDoIl49vxSlHsI4cVA6QnU=
30,-2,CehDren1t4XaaJlOpeTRaPwBE9w=,Plsf8jDoIl49vxSlHsI4cVA6QnU=
31,-2,CehDren1t4XaaJlOpeTRaPwBE9w=,Plsf8jDoIl49vxSlHsI4cVA6QnU=
31,-1,CehDren1t4XaaJlOpeTRaPwBE9w=,Plsf8jDoIl49vxSlHsI4cVA6QnU=
30,-1,CehDren1t4XaaJlOpeTRaPwBE9w=,Plsf8jDoIl49vxSlHsI4cVA6QnU=
29,-2,CehDren1t4XaaJlOpeTRaPwBE9w=,Plsf8jDoIl49vxSlHsI4cVA6QnU=
29,-1,CehDren1t4XaaJlOpeTRaPwBE9w=,Plsf8jDoIl49vxSlHsI4cVA6QnU=
16,-2,CehDren1t4XaaJlOpeTRaPwBE9w=,ZUlhxi3vs+8Ftuwbeyu5EQyhmdc=
16,-3,CehDren1t4XaaJlOpeTRaPwBE9w=,WCSdHcZPkWcYMuPajprSMxt6n/M=
21,-2,CehDren1t4XaaJlOpeTRaPwBE9w=,vUfR12QJlNQoWbIWAgmzFuWZjLI=
22,-2,CehDren1t4XaaJlOpeTRaPwBE9w=,fyoEISuakpfVvmGK8gqS0D5KmF4=
20,-2,CehDren1t4XaaJlOpeTRaPwBE9w=,vUfR12QJlNQoWbIWAgmzFuWZjLI=
17,-2,CehDren1t4XaaJlOpeTRaPwBE9w=,ZUlhxi3vs+8Ftuwbeyu5EQyhmdc=
18,-2,CehDren1t4XaaJlOpeTRaPwBE9w=,ZUlhxi3vs+8Ftuwbeyu5EQyhmdc=
17,-3,CehDren1t4XaaJlOpeTRaPwBE9w=,WCSdHcZPkWcYMuPajprSMxt6n/M=
19,-2,CehDren1t4XaaJlOpeTRaPwBE9w=,ZUlhxi3vs+8Ftuwbeyu5EQyhmdc=
21,-1,CehDren1t4XaaJlOpeTRaPwBE9w=,vUfR12QJlNQoWbIWAgmzFuWZjLI=
22,-1,CehDren1t4XaaJlOpeTRaPwBE9w=,fyoEISuakpfVvmGK8gqS0D5KmF4=
17,-1,CehDren1t4XaaJlOpeTRaPwBE9w=,ZUlhxi3vs+8Ftuwbeyu5EQyhmdc=
19,-1,CehDren1t4XaaJlOpeTRaPwBE9w=,ZUlhxi3vs+8Ftuwbeyu5EQyhmdc=
18,-1,CehDren1t4XaaJlOpeTRaPwBE9w=,ZUlhxi3vs+8Ftuwbeyu5EQyhmdc=
20,-1,CehDren1t4XaaJlOpeTRaPwBE9w=,vUfR12QJlNQoWbIWAgmzFuWZjLI=
16,-1,CehDren1t4XaaJlOpeTRaPwBE9w=,ZUlhxi3vs+8Ftuwbeyu5EQyhmdc=
16,-8,CehDren1t4XaaJlOpeTRaPwBE9w=,WCSdHcZPkWcYMuPajprSMxt6n/M=
16,-9,CehDren1t4XaaJlOpeTRaPwBE9w=,npj8Byz9GDYNnuYs3Pey34tDiIA=
17,-7,CehDren1t4XaaJlOpeTRaPwBE9w=,WCSdHcZPkWcYMuPajprSMxt6n/M=
17,-6,CehDren1t4XaaJlOpeTRaPwBE9w=,EIeMr7P3lfF1doxwEHY2Jjtsof0=
17,-5,CehDren1t4XaaJlOpeTRaPwBE9w=,EIeMr7P3lfF1doxwEHY2Jjtsof0=
17,-4,CehDren1t4XaaJlOpeTRaPwBE9w=,WCSdHcZPkWcYMuPajprSMxt6n/M=
16,-7,CehDren1t4XaaJlOpeTRaPwBE9w=,WCSdHcZPkWcYMuPajprSMxt6n/M=
16,-4,CehDren1t4XaaJlOpeTRaPwBE9w=,WCSdHcZPkWcYMuPajprSMxt6n/M=
16,-6,CehDren1t4XaaJlOpeTRaPwBE9w=,EIeMr7P3lfF1doxwEHY2Jjtsof0=
16,-5,CehDren1t4XaaJlOpeTRaPwBE9w=,EIeMr7P3lfF1doxwEHY2Jjtsof0=
5,-5,JngSGbbcTt9blbIw7r8BtYHiuqQ=,BsBWZ8libL7KoSHG7U65YO46dVk=
5,-4,JngSGbbcTt9blbIw7r8BtYHiuqQ=,3vCrJrEi3fqIZUu3w4zA0xKuKxg=
6,-5,JngSGbbcTt9blbIw7r8BtYHiuqQ=,16oEKxq9RGbPFJq54OLy4tC1AS4=
6,-4,JngSGbbcTt9blbIw7r8BtYHiuqQ=,0y/T5SLfo92nYlzoloO2JkAeReY=
7,-5,GXAOlOsjCJDhQhhPlCwMtqcSPTY=,16oEKxq9RGbPFJq54OLy4tC1AS4=
9,-5,GXAOlOsjCJDhQhhPlCwMtqcSPTY=,tmRykI7FwO+gT9L+eovDw0awovw=
9,-4,GXAOlOsjCJDhQhhPlCwMtqcSPTY=,jYxKrliDIv1RZihRhz7taLLBeV4=
10,-5,GXAOlOsjCJDhQhhPlCwMtqcSPTY=,2mVJgsQ0rmvjBVWg6iGqspVwM0E=
8,-4,GXAOlOsjCJDhQhhPlCwMtqcSPTY=,jYxKrliDIv1RZihRhz7taLLBeV4=
7,-4,GXAOlOsjCJDhQhhPlCwMtqcSPTY=,0y/T5SLfo92nYlzoloO2JkAeReY=
10,-4,GXAOlOsjCJDhQhhPlCwMtqcSPTY=,d9DhzLzkgHqARnoYlKNFd+6Zr5E=
8,-5,GXAOlOsjCJDhQhhPlCwMtqcSPTY=,tmRykI7FwO+gT9L+eovDw0awovw=
7,-6,bW51xKsyprYC7tqiO6q8n5c3y3Q=,16oEKxq9RGbPFJq54OLy4tC1AS4=
8,-7,bW51xKsyprYC7tqiO6q8n5c3y3Q=,5h8fXdxOqJEdEymF7fRTwoIdKh4=
7,-7,bW51xKsyprYC7tqiO6q8n5c3y3Q=,n0e2aQ9wGw0wdhCPzuH3YW/VgB8=
8,-6,bW51xKsyprYC7tqiO6q8n5c3y3Q=,tmRykI7FwO+gT9L+eovDw0awovw=
6,-6,bW51xKsyprYC7tqiO6q8n5c3y3Q=,16oEKxq9RGbPFJq54OLy4tC1AS4=
5,-6,bW51xKsyprYC7tqiO6q8n5c3y3Q=,BsBWZ8libL7KoSHG7U65YO46dVk=
5,-7,bW51xKsyprYC7tqiO6q8n5c3y3Q=,C2h466i+UePx4eLxTwawmSN0QOU=
6,-7,bW51xKsyprYC7tqiO6q8n5c3y3Q=,n0e2aQ9wGw0wdhCPzuH3YW/VgB8=
4,-4,0JVic2oqsXljEI8qwmsFZ2wFk7w=,3vCrJrEi3fqIZUu3w4zA0xKuKxg=
3,-4,0JVic2oqsXljEI8qwmsFZ2wFk7w=,6xGgLTjHrGbVlhrqC68B7aP0jF8=
4,-5,0JVic2oqsXljEI8qwmsFZ2wFk7w=,BsBWZ8libL7KoSHG7U65YO46dVk=
3,-5,0JVic2oqsXljEI8qwmsFZ2wFk7w=,d52jXdd6bAaFk2LjDMIRUr17rKs=
2,-4,0JVic2oqsXljEI8qwmsFZ2wFk7w=,6xGgLTjHrGbVlhrqC68B7aP0jF8=
4,-6,0JVic2oqsXljEI8qwmsFZ2wFk7w=,BsBWZ8libL7KoSHG7U65YO46dVk=
1,-5,0JVic2oqsXljEI8qwmsFZ2wFk7w=,wEKBAyhBIQJyQ0h+5Bl7xogS1bg=
4,-7,0JVic2oqsXljEI8qwmsFZ2wFk7w=,C2h466i+UePx4eLxTwawmSN0QOU=
1,-4,0JVic2oqsXljEI8qwmsFZ2wFk7w=,QBsuwdMql859B9X6r2D8izObKug=
2,-5,0JVic2oqsXljEI8qwmsFZ2wFk7w=,d52jXdd6bAaFk2LjDMIRUr17rKs=
3,-7,0JVic2oqsXljEI8qwmsFZ2wFk7w=,EamZcGyJCFie02OSYkBVdOeQ3EY=
3,-6,0JVic2oqsXljEI8qwmsFZ2wFk7w=,d52jXdd6bAaFk2LjDMIRUr17rKs=
2,-2,0JVic2oqsXljEI8qwmsFZ2wFk7w=,GQ+IKC7yUqRvD6FrIPKDn9KqFpM=
2,-3,0JVic2oqsXljEI8qwmsFZ2wFk7w=,6xGgLTjHrGbVlhrqC68B7aP0jF8=
1,-2,0JVic2oqsXljEI8qwmsFZ2wFk7w=,toRUNLcxLyU0bO8U6JwmPUyYfkc=
1,-3,0JVic2oqsXljEI8qwmsFZ2wFk7w=,QBsuwdMql859B9X6r2D8izObKug=
4,-2,0JVic2oqsXljEI8qwmsFZ2wFk7w=,f98uK+Np1suKSztdvpQLrzLNoC8=
4,-3,0JVic2oqsXljEI8qwmsFZ2wFk7w=,3vCrJrEi3fqIZUu3w4zA0xKuKxg=
3,-3,0JVic2oqsXljEI8qwmsFZ2wFk7w=,6xGgLTjHrGbVlhrqC68B7aP0jF8=
5,-3,0JVic2oqsXljEI8qwmsFZ2wFk7w=,3vCrJrEi3fqIZUu3w4zA0xKuKxg=
3,-2,0JVic2oqsXljEI8qwmsFZ2wFk7w=,GQ+IKC7yUqRvD6FrIPKDn9KqFpM=
6,-3,0JVic2oqsXljEI8qwmsFZ2wFk7w=,0y/T5SLfo92nYlzoloO2JkAeReY=
6,-2,0JVic2oqsXljEI8qwmsFZ2wFk7w=,ha3H/Xtlr3yheJdClq5jL4eybtI=
5,-2,0JVic2oqsXljEI8qwmsFZ2wFk7w=,f98uK+Np1suKSztdvpQLrzLNoC8=
7,-3,VMHfiPslqW6CSWFbRgZY9SRiPQ4=,0y/T5SLfo92nYlzoloO2JkAeReY=
9,-3,VMHfiPslqW6CSWFbRgZY9SRiPQ4=,jYxKrliDIv1RZihRhz7taLLBeV4=
8,-2,VMHfiPslqW6CSWFbRgZY9SRiPQ4=,L4Ki3DuR6PPCt2Sec4jCElFI+SM=
8,-3,VMHfiPslqW6CSWFbRgZY9SRiPQ4=,jYxKrliDIv1RZihRhz7taLLBeV4=
9,-2,VMHfiPslqW6CSWFbRgZY9SRiPQ4=,L4Ki3DuR6PPCt2Sec4jCElFI+SM=
7,-2,VMHfiPslqW6CSWFbRgZY9SRiPQ4=,ha3H/Xtlr3yheJdClq5jL4eybtI=
10,-2,VMHfiPslqW6CSWFbRgZY9SRiPQ4=,ywGtCoO2zWjUZEDtOB9/sE3b93c=
10,-3,VMHfiPslqW6CSWFbRgZY9SRiPQ4=,d9DhzLzkgHqARnoYlKNFd+6Zr5E=
11,-2,VMHfiPslqW6CSWFbRgZY9SRiPQ4=,ywGtCoO2zWjUZEDtOB9/sE3b93c=
12,-3,VMHfiPslqW6CSWFbRgZY9SRiPQ4=,npj8Byz9GDYNnuYs3Pey34tDiIA=
12,-2,VMHfiPslqW6CSWFbRgZY9SRiPQ4=,vsR4e/g1bCRL0YZpKywE01NrqiY=
11,-3,VMHfiPslqW6CSWFbRgZY9SRiPQ4=,d9DhzLzkgHqARnoYlKNFd+6Zr5E=
12,-5,VMHfiPslqW6CSWFbRgZY9SRiPQ4=,npj8Byz9GDYNnuYs3Pey34tDiIA=
11,-4,VMHfiPslqW6CSWFbRgZY9SRiPQ4=,d9DhzLzkgHqARnoYlKNFd+6Zr5E=
12,-4,VMHfiPslqW6CSWFbRgZY9SRiPQ4=,npj8Byz9GDYNnuYs3Pey34tDiIA=
11,-5,VMHfiPslqW6CSWFbRgZY9SRiPQ4=,2mVJgsQ0rmvjBVWg6iGqspVwM0E=
14,-2,VMHfiPslqW6CSWFbRgZY9SRiPQ4=,YOHdXVx3rgaoQcRs7KbrycwzJMY=
14,-3,VMHfiPslqW6CSWFbRgZY9SRiPQ4=,EIeMr7P3lfF1doxwEHY2Jjtsof0=
13,-3,VMHfiPslqW6CSWFbRgZY9SRiPQ4=,npj8Byz9GDYNnuYs3Pey34tDiIA=
13,-2,VMHfiPslqW6CSWFbRgZY9SRiPQ4=,vsR4e/g1bCRL0YZpKywE01NrqiY=
14,-4,/5eTnUFJ/9JEUJ5z+ZV04cD5bBE=,EIeMr7P3lfF1doxwEHY2Jjtsof0=
14,-5,/5eTnUFJ/9JEUJ5z+ZV04cD5bBE=,npj8Byz9GDYNnuYs3Pey34tDiIA=
13,-4,/5eTnUFJ/9JEUJ5z+ZV04cD5bBE=,npj8Byz9GDYNnuYs3Pey34tDiIA=
13,-5,/5eTnUFJ/9JEUJ5z+ZV04cD5bBE=,npj8Byz9GDYNnuYs3Pey34tDiIA=
13,-6,/5eTnUFJ/9JEUJ5z+ZV04cD5bBE=,npj8Byz9GDYNnuYs3Pey34tDiIA=
14,-9,/5eTnUFJ/9JEUJ5z+ZV04cD5bBE=,npj8Byz9GDYNnuYs3Pey34tDiIA=
14,-6,/5eTnUFJ/9JEUJ5z+ZV04cD5bBE=,npj8Byz9GDYNnuYs3Pey34tDiIA=
14,-8,/5eTnUFJ/9JEUJ5z+ZV04cD5bBE=,npj8Byz9GDYNnuYs3Pey34tDiIA=
14,-7,/5eTnUFJ/9JEUJ5z+ZV04cD5bBE=,npj8Byz9GDYNnuYs3Pey34tDiIA=
14,-11,/5eTnUFJ/9JEUJ5z+ZV04cD5bBE=,GNFu0lBMkue/g5+bswy1pR9VKBM=
12,-12,/5eTnUFJ/9JEUJ5z+ZV04cD5bBE=,IMBic+TElq+JhE8V81mLbRtSNOg=
12,-13,/5eTnUFJ/9JEUJ5z+ZV04cD5bBE=,IMBic+TElq+JhE8V81mLbRtSNOg=
13,-11,/5eTnUFJ/9JEUJ5z+ZV04cD5bBE=,IMBic+TElq+JhE8V81mLbRtSNOg=
14,-10,/5eTnUFJ/9JEUJ5z+ZV04cD5bBE=,npj8Byz9GDYNnuYs3Pey34tDiIA=
12,-11,/5eTnUFJ/9JEUJ5z+ZV04cD5bBE=,IMBic+TElq+JhE8V81mLbRtSNOg=
11,-10,/5eTnUFJ/9JEUJ5z+ZV04cD5bBE=,FrO8ntPWkqU4UjbbEWREENQlbsI=
7,-8,/5eTnUFJ/9JEUJ5z+ZV04cD5bBE=,n0e2aQ9wGw0wdhCPzuH3YW/VgB8=
7,-9,/5eTnUFJ/9JEUJ5z+ZV04cD5bBE=,KW6NOqftYk8WzeZMiSlkB9t1sIk=
8,-9,/5eTnUFJ/9JEUJ5z+ZV04cD5bBE=,UGQH5WvE9DmXAa2YBwQ7cQ33/rs=
8,-8,/5eTnUFJ/9JEUJ5z+ZV04cD5bBE=,5h8fXdxOqJEdEymF7fRTwoIdKh4=
15,-13,/5eTnUFJ/9JEUJ5z+ZV04cD5bBE=,GNFu0lBMkue/g5+bswy1pR9VKBM=
13,-13,/5eTnUFJ/9JEUJ5z+ZV04cD5bBE=,IMBic+TElq+JhE8V81mLbRtSNOg=
14,-13,/5eTnUFJ/9JEUJ5z+ZV04cD5bBE=,GNFu0lBMkue/g5+bswy1pR9VKBM=
13,-12,/5eTnUFJ/9JEUJ5z+ZV04cD5bBE=,IMBic+TElq+JhE8V81mLbRtSNOg=
15,-12,/5eTnUFJ/9JEUJ5z+ZV04cD5bBE=,GNFu0lBMkue/g5+bswy1pR9VKBM=
13,-14,/5eTnUFJ/9JEUJ5z+ZV04cD5bBE=,IMBic+TElq+JhE8V81mLbRtSNOg=
14,-14,/5eTnUFJ/9JEUJ5z+ZV04cD5bBE=,GNFu0lBMkue/g5+bswy1pR9VKBM=
14,-12,/5eTnUFJ/9JEUJ5z+ZV04cD5bBE=,GNFu0lBMkue/g5+bswy1pR9VKBM=
6,-8,eyz7vO8le7HZvSzbCZFgExq79SU=,n0e2aQ9wGw0wdhCPzuH3YW/VgB8=
6,-9,eyz7vO8le7HZvSzbCZFgExq79SU=,KW6NOqftYk8WzeZMiSlkB9t1sIk=
5,-9,eyz7vO8le7HZvSzbCZFgExq79SU=,0WUakUofvBmb+b51YyqD/KSpRPk=
5,-8,eyz7vO8le7HZvSzbCZFgExq79SU=,C2h466i+UePx4eLxTwawmSN0QOU=
4,-9,eyz7vO8le7HZvSzbCZFgExq79SU=,0WUakUofvBmb+b51YyqD/KSpRPk=
4,-8,eyz7vO8le7HZvSzbCZFgExq79SU=,C2h466i+UePx4eLxTwawmSN0QOU=
3,-8,eyz7vO8le7HZvSzbCZFgExq79SU=,EamZcGyJCFie02OSYkBVdOeQ3EY=
3,-9,eyz7vO8le7HZvSzbCZFgExq79SU=,Ipw6Dvmcx/xiBIy2kqzz4YhJnJQ=
0,-5,eyz7vO8le7HZvSzbCZFgExq79SU=,wEKBAyhBIQJyQ0h+5Bl7xogS1bg=
0,-4,eyz7vO8le7HZvSzbCZFgExq79SU=,QBsuwdMql859B9X6r2D8izObKug=
0,-2,eyz7vO8le7HZvSzbCZFgExq79SU=,toRUNLcxLyU0bO8U6JwmPUyYfkc=
0,-3,eyz7vO8le7HZvSzbCZFgExq79SU=,QBsuwdMql859B9X6r2D8izObKug=
6,-1,eyz7vO8le7HZvSzbCZFgExq79SU=,ha3H/Xtlr3yheJdClq5jL4eybtI=
5,-1,eyz7vO8le7HZvSzbCZFgExq79SU=,f98uK+Np1suKSztdvpQLrzLNoC8=
7,-1,eyz7vO8le7HZvSzbCZFgExq79SU=,ha3H/Xtlr3yheJdClq5jL4eybtI=
8,-1,eyz7vO8le7HZvSzbCZFgExq79SU=,L4Ki3DuR6PPCt2Sec4jCElFI+SM=
10,-1,eyz7vO8le7HZvSzbCZFgExq79SU=,ywGtCoO2zWjUZEDtOB9/sE3b93c=
9,-1,eyz7vO8le7HZvSzbCZFgExq79SU=,L4Ki3DuR6PPCt2Sec4jCElFI+SM=
0,-12,eyz7vO8le7HZvSzbCZFgExq79SU=,pldhHGZGnTvyjlldD1hOWrqqIVs=
0,-11,eyz7vO8le7HZvSzbCZFgExq79SU=,pldhHGZGnTvyjlldD1hOWrqqIVs=
0,-10,eyz7vO8le7HZvSzbCZFgExq79SU=,c17L1MY+U/17qwWZZJDmPsrnA7c=
11,-1,eyz7vO8le7HZvSzbCZFgExq79SU=,ywGtCoO2zWjUZEDtOB9/sE3b93c=
4,-11,eyz7vO8le7HZvSzbCZFgExq79SU=,DzX3V9CPWaUnHs7EBy21wg2cUzk=
1,-12,eyz7vO8le7HZvSzbCZFgExq79SU=,pldhHGZGnTvyjlldD1hOWrqqIVs=
2,-11,eyz7vO8le7HZvSzbCZFgExq79SU=,0WlpDEmw4dzvpLkdrfN3RR8waug=
1,-10,eyz7vO8le7HZvSzbCZFgExq79SU=,c17L1MY+U/17qwWZZJDmPsrnA7c=
12,-1,eyz7vO8le7HZvSzbCZFgExq79SU=,vsR4e/g1bCRL0YZpKywE01NrqiY=
4,-10,eyz7vO8le7HZvSzbCZFgExq79SU=,0WUakUofvBmb+b51YyqD/KSpRPk=
1,-11,eyz7vO8le7HZvSzbCZFgExq79SU=,pldhHGZGnTvyjlldD1hOWrqqIVs=
3,-11,eyz7vO8le7HZvSzbCZFgExq79SU=,0WlpDEmw4dzvpLkdrfN3RR8waug=
4,-12,eyz7vO8le7HZvSzbCZFgExq79SU=,DzX3V9CPWaUnHs7EBy21wg2cUzk=
3,-10,eyz7vO8le7HZvSzbCZFgExq79SU=,Ipw6Dvmcx/xiBIy2kqzz4YhJnJQ=
2,-12,eyz7vO8le7HZvSzbCZFgExq79SU=,0WlpDEmw4dzvpLkdrfN3RR8waug=
15,-2,eyz7vO8le7HZvSzbCZFgExq79SU=,YOHdXVx3rgaoQcRs7KbrycwzJMY=
13,-1,eyz7vO8le7HZvSzbCZFgExq79SU=,vsR4e/g1bCRL0YZpKywE01NrqiY=
3,-12,eyz7vO8le7HZvSzbCZFgExq79SU=,0WlpDEmw4dzvpLkdrfN3RR8waug=
2,-10,eyz7vO8le7HZvSzbCZFgExq79SU=,Ipw6Dvmcx/xiBIy2kqzz4YhJnJQ=
14,-1,eyz7vO8le7HZvSzbCZFgExq79SU=,YOHdXVx3rgaoQcRs7KbrycwzJMY=
15,-3,eyz7vO8le7HZvSzbCZFgExq79SU=,EIeMr7P3lfF1doxwEHY2Jjtsof0=
15,-11,eyz7vO8le7HZvSzbCZFgExq79SU=,GNFu0lBMkue/g5+bswy1pR9VKBM=
15,-5,eyz7vO8le7HZvSzbCZFgExq79SU=,npj8Byz9GDYNnuYs3Pey34tDiIA=
15,-10,eyz7vO8le7HZvSzbCZFgExq79SU=,npj8Byz9GDYNnuYs3Pey34tDiIA=
15,-4,eyz7vO8le7HZvSzbCZFgExq79SU=,EIeMr7P3lfF1doxwEHY2Jjtsof0=
15,-8,eyz7vO8le7HZvSzbCZFgExq79SU=,npj8Byz9GDYNnuYs3Pey34tDiIA=
15,-7,eyz7vO8le7HZvSzbCZFgExq79SU=,npj8Byz9GDYNnuYs3Pey34tDiIA=
15,-6,eyz7vO8le7HZvSzbCZFgExq79SU=,npj8Byz9GDYNnuYs3Pey34tDiIA=
15,-9,eyz7vO8le7HZvSzbCZFgExq79SU=,npj8Byz9GDYNnuYs3Pey34tDiIA=
9,-10,eyz7vO8le7HZvSzbCZFgExq79SU=,UGQH5WvE9DmXAa2YBwQ7cQ33/rs=
10,-10,eyz7vO8le7HZvSzbCZFgExq79SU=,FrO8ntPWkqU4UjbbEWREENQlbsI=
15,-14,eyz7vO8le7HZvSzbCZFgExq79SU=,GNFu0lBMkue/g5+bswy1pR9VKBM=
4,-1,/wQO7XgWsLkBm0yO49nAdfGf5MI=,f98uK+Np1suKSztdvpQLrzLNoC8=
3,-1,/wQO7XgWsLkBm0yO49nAdfGf5MI=,GQ+IKC7yUqRvD6FrIPKDn9KqFpM=
1,-1,/wQO7XgWsLkBm0yO49nAdfGf5MI=,toRUNLcxLyU0bO8U6JwmPUyYfkc=
2,-1,/wQO7XgWsLkBm0yO49nAdfGf5MI=,GQ+IKC7yUqRvD6FrIPKDn9KqFpM=
1,-6,/wQO7XgWsLkBm0yO49nAdfGf5MI=,wEKBAyhBIQJyQ0h+5Bl7xogS1bg=
1,-9,/wQO7XgWsLkBm0yO49nAdfGf5MI=,c17L1MY+U/17qwWZZJDmPsrnA7c=
2,-8,/wQO7XgWsLkBm0yO49nAdfGf5MI=,EamZcGyJCFie02OSYkBVdOeQ3EY=
0,-6,/wQO7XgWsLkBm0yO49nAdfGf5MI=,wEKBAyhBIQJyQ0h+5Bl7xogS1bg=
0,-7,/wQO7XgWsLkBm0yO49nAdfGf5MI=,LWtTWvxieh5WwhaB+e+JvCUodCo=
1,-7,/wQO7XgWsLkBm0yO49nAdfGf5MI=,LWtTWvxieh5WwhaB+e+JvCUodCo=
0,-9,/wQO7XgWsLkBm0yO49nAdfGf5MI=,c17L1MY+U/17qwWZZJDmPsrnA7c=
0,-1,/wQO7XgWsLkBm0yO49nAdfGf5MI=,toRUNLcxLyU0bO8U6JwmPUyYfkc=
2,-9,/wQO7XgWsLkBm0yO49nAdfGf5MI=,Ipw6Dvmcx/xiBIy2kqzz4YhJnJQ=
2,-6,/wQO7XgWsLkBm0yO49nAdfGf5MI=,d52jXdd6bAaFk2LjDMIRUr17rKs=
1,-8,/wQO7XgWsLkBm0yO49nAdfGf5MI=,LWtTWvxieh5WwhaB+e+JvCUodCo=
15,-1,/wQO7XgWsLkBm0yO49nAdfGf5MI=,YOHdXVx3rgaoQcRs7KbrycwzJMY=
12,-14,/wQO7XgWsLkBm0yO49nAdfGf5MI=,IMBic+TElq+JhE8V81mLbRtSNOg=
6,-12,/wQO7XgWsLkBm0yO49nAdfGf5MI=,I/U031PMUxAts1s8OZ2iKAyPvh8=
7,-11,/wQO7XgWsLkBm0yO49nAdfGf5MI=,I/U031PMUxAts1s8OZ2iKAyPvh8=
0,-8,/wQO7XgWsLkBm0yO49nAdfGf5MI=,LWtTWvxieh5WwhaB+e+JvCUodCo=
7,-10,/wQO7XgWsLkBm0yO49nAdfGf5MI=,KW6NOqftYk8WzeZMiSlkB9t1sIk=
8,-10,/wQO7XgWsLkBm0yO49nAdfGf5MI=,UGQH5WvE9DmXAa2YBwQ7cQ33/rs=
2,-7,/wQO7XgWsLkBm0yO49nAdfGf5MI=,EamZcGyJCFie02OSYkBVdOeQ3EY=
5,-10,/wQO7XgWsLkBm0yO49nAdfGf5MI=,0WUakUofvBmb+b51YyqD/KSpRPk=
5,-12,/wQO7XgWsLkBm0yO49nAdfGf5MI=,DzX3V9CPWaUnHs7EBy21wg2cUzk=
7,-12,/wQO7XgWsLkBm0yO49nAdfGf5MI=,I/U031PMUxAts1s8OZ2iKAyPvh8=
5,-11,/wQO7XgWsLkBm0yO49nAdfGf5MI=,DzX3V9CPWaUnHs7EBy21wg2cUzk=
6,-11,/wQO7XgWsLkBm0yO49nAdfGf5MI=,I/U031PMUxAts1s8OZ2iKAyPvh8=
6,-10,/wQO7XgWsLkBm0yO49nAdfGf5MI=,KW6NOqftYk8WzeZMiSlkB9t1sIk=
11,-9,/wQO7XgWsLkBm0yO49nAdfGf5MI=,FrO8ntPWkqU4UjbbEWREENQlbsI=
11,-7,/wQO7XgWsLkBm0yO49nAdfGf5MI=,Shsyqnp6fmy9TYrLPMPZhzsrGX4=
11,-8,/wQO7XgWsLkBm0yO49nAdfGf5MI=,Shsyqnp6fmy9TYrLPMPZhzsrGX4=
12,-6,/wQO7XgWsLkBm0yO49nAdfGf5MI=,npj8Byz9GDYNnuYs3Pey34tDiIA=
10,-9,/wQO7XgWsLkBm0yO49nAdfGf5MI=,FrO8ntPWkqU4UjbbEWREENQlbsI=
10,-8,/wQO7XgWsLkBm0yO49nAdfGf5MI=,Shsyqnp6fmy9TYrLPMPZhzsrGX4=
9,-9,/wQO7XgWsLkBm0yO49nAdfGf5MI=,UGQH5WvE9DmXAa2YBwQ7cQ33/rs=
10,-7,/wQO7XgWsLkBm0yO49nAdfGf5MI=,Shsyqnp6fmy9TYrLPMPZhzsrGX4=
9,-8,/wQO7XgWsLkBm0yO49nAdfGf5MI=,5h8fXdxOqJEdEymF7fRTwoIdKh4=
11,-6,/wQO7XgWsLkBm0yO49nAdfGf5MI=,2mVJgsQ0rmvjBVWg6iGqspVwM0E=
9,-7,/wQO7XgWsLkBm0yO49nAdfGf5MI=,5h8fXdxOqJEdEymF7fRTwoIdKh4=
10,-6,/wQO7XgWsLkBm0yO49nAdfGf5MI=,2mVJgsQ0rmvjBVWg6iGqspVwM0E=
9,-6,/wQO7XgWsLkBm0yO49nAdfGf5MI=,tmRykI7FwO+gT9L+eovDw0awovw=
2,-20,/wQO7XgWsLkBm0yO49nAdfGf5MI=,YAFbV5IkZSmodXGVpCAj/WC0TEM=
3,-20,/wQO7XgWsLkBm0yO49nAdfGf5MI=,YAFbV5IkZSmodXGVpCAj/WC0TEM=
2,-19,/wQO7XgWsLkBm0yO49nAdfGf5MI=,YAFbV5IkZSmodXGVpCAj/WC0TEM=
3,-19,/wQO7XgWsLkBm0yO49nAdfGf5MI=,YAFbV5IkZSmodXGVpCAj/WC0TEM=
