49029,49029,/wQO7XgWsLkBm0yO49nAdfGf5MI=,SkJW34DrGxoLB1PCEUR+4Uel1bg=
49027,49029,/wQO7XgWsLkBm0yO49nAdfGf5MI=,cZKLJt924CinLWsMymwSJQKN6jM=
49026,49029,/wQO7XgWsLkBm0yO49nAdfGf5MI=,cZKLJt924CinLWsMymwSJQKN6jM=
49028,49029,/wQO7XgWsLkBm0yO49nAdfGf5MI=,SkJW34DrGxoLB1PCEUR+4Uel1bg=
49029,49026,/wQO7XgWsLkBm0yO49nAdfGf5MI=,syYKsjjOunuDuZyL92zqaEONlbc=
49029,49027,/wQO7XgWsLkBm0yO49nAdfGf5MI=,syYKsjjOunuDuZyL92zqaEONlbc=
49029,49028,/wQO7XgWsLkBm0yO49nAdfGf5MI=,SkJW34DrGxoLB1PCEUR+4Uel1bg=
49026,49028,/wQO7XgWsLkBm0yO49nAdfGf5MI=,cZKLJt924CinLWsMymwSJQKN6jM=
49028,49028,/wQO7XgWsLkBm0yO49nAdfGf5MI=,SkJW34DrGxoLB1PCEUR+4Uel1bg=
49027,49028,/wQO7XgWsLkBm0yO49nAdfGf5MI=,cZKLJt924CinLWsMymwSJQKN6jM=
49028,49026,/wQO7XgWsLkBm0yO49nAdfGf5MI=,syYKsjjOunuDuZyL92zqaEONlbc=
49028,49027,/wQO7XgWsLkBm0yO49nAdfGf5MI=,syYKsjjOunuDuZyL92zqaEONlbc=
49026,49027,/wQO7XgWsLkBm0yO49nAdfGf5MI=,syYKsjjOunuDuZyL92zqaEONlbc=
49027,49026,/wQO7XgWsLkBm0yO49nAdfGf5MI=,syYKsjjOunuDuZyL92zqaEONlbc=
49026,49026,/wQO7XgWsLkBm0yO49nAdfGf5MI=,syYKsjjOunuDuZyL92zqaEONlbc=
49027,49027,/wQO7XgWsLkBm0yO49nAdfGf5MI=,syYKsjjOunuDuZyL92zqaEONlbc=
