12,37,O0ZXeV3Ti/q0uVmGhjzhsEOBsok=,4WqNNo9Uin/nGygsqbmMwm4c6Gc=
12,36,O0ZXeV3Ti/q0uVmGhjzhsEOBsok=,4WqNNo9Uin/nGygsqbmMwm4c6Gc=
12,40,O0ZXeV3Ti/q0uVmGhjzhsEOBsok=,4WqNNo9Uin/nGygsqbmMwm4c6Gc=
14,42,O0ZXeV3Ti/q0uVmGhjzhsEOBsok=,No3AhJnS3cfRRFq/KCh8n+5/sbY=
12,33,O0ZXeV3Ti/q0uVmGhjzhsEOBsok=,r4kau1jvqsqEhv+s+4AY+s3Jd9M=
13,41,O0ZXeV3Ti/q0uVmGhjzhsEOBsok=,4WqNNo9Uin/nGygsqbmMwm4c6Gc=
13,33,O0ZXeV3Ti/q0uVmGhjzhsEOBsok=,r4kau1jvqsqEhv+s+4AY+s3Jd9M=
13,37,O0ZXeV3Ti/q0uVmGhjzhsEOBsok=,4WqNNo9Uin/nGygsqbmMwm4c6Gc=
13,40,O0ZXeV3Ti/q0uVmGhjzhsEOBsok=,4WqNNo9Uin/nGygsqbmMwm4c6Gc=
12,41,O0ZXeV3Ti/q0uVmGhjzhsEOBsok=,4WqNNo9Uin/nGygsqbmMwm4c6Gc=
13,36,O0ZXeV3Ti/q0uVmGhjzhsEOBsok=,4WqNNo9Uin/nGygsqbmMwm4c6Gc=
15,42,O0ZXeV3Ti/q0uVmGhjzhsEOBsok=,No3AhJnS3cfRRFq/KCh8n+5/sbY=
15,43,O0ZXeV3Ti/q0uVmGhjzhsEOBsok=,No3AhJnS3cfRRFq/KCh8n+5/sbY=
14,43,O0ZXeV3Ti/q0uVmGhjzhsEOBsok=,No3AhJnS3cfRRFq/KCh8n+5/sbY=
12,32,O0ZXeV3Ti/q0uVmGhjzhsEOBsok=,r4kau1jvqsqEhv+s+4AY+s3Jd9M=
13,32,O0ZXeV3Ti/q0uVmGhjzhsEOBsok=,r4kau1jvqsqEhv+s+4AY+s3Jd9M=
0,33,O0ZXeV3Ti/q0uVmGhjzhsEOBsok=,3AqDxcDpE18Tud68I9ypyka/L+c=
0,32,O0ZXeV3Ti/q0uVmGhjzhsEOBsok=,3AqDxcDpE18Tud68I9ypyka/L+c=
1,33,O0ZXeV3Ti/q0uVmGhjzhsEOBsok=,3AqDxcDpE18Tud68I9ypyka/L+c=
1,32,O0ZXeV3Ti/q0uVmGhjzhsEOBsok=,3AqDxcDpE18Tud68I9ypyka/L+c=
14,48,CehDren1t4XaaJlOpeTRaPwBE9w=,r4kau1jvqsqEhv+s+4AY+s3Jd9M=
15,49,CehDren1t4XaaJlOpeTRaPwBE9w=,r4kau1jvqsqEhv+s+4AY+s3Jd9M=
15,48,CehDren1t4XaaJlOpeTRaPwBE9w=,r4kau1jvqsqEhv+s+4AY+s3Jd9M=
14,49,CehDren1t4XaaJlOpeTRaPwBE9w=,r4kau1jvqsqEhv+s+4AY+s3Jd9M=
16,63,8pS30JOlQqlElamFbr7ualg265I=,No3AhJnS3cfRRFq/KCh8n+5/sbY=
17,59,8pS30JOlQqlElamFbr7ualg265I=,r4kau1jvqsqEhv+s+4AY+s3Jd9M=
16,62,8pS30JOlQqlElamFbr7ualg265I=,No3AhJnS3cfRRFq/KCh8n+5/sbY=
17,58,8pS30JOlQqlElamFbr7ualg265I=,r4kau1jvqsqEhv+s+4AY+s3Jd9M=
17,62,8pS30JOlQqlElamFbr7ualg265I=,No3AhJnS3cfRRFq/KCh8n+5/sbY=
16,59,8pS30JOlQqlElamFbr7ualg265I=,r4kau1jvqsqEhv+s+4AY+s3Jd9M=
17,63,8pS30JOlQqlElamFbr7ualg265I=,No3AhJnS3cfRRFq/KCh8n+5/sbY=
16,58,8pS30JOlQqlElamFbr7ualg265I=,r4kau1jvqsqEhv+s+4AY+s3Jd9M=
17,53,8pS30JOlQqlElamFbr7ualg265I=,No3AhJnS3cfRRFq/KCh8n+5/sbY=
17,52,8pS30JOlQqlElamFbr7ualg265I=,No3AhJnS3cfRRFq/KCh8n+5/sbY=
16,52,8pS30JOlQqlElamFbr7ualg265I=,No3AhJnS3cfRRFq/KCh8n+5/sbY=
16,53,8pS30JOlQqlElamFbr7ualg265I=,No3AhJnS3cfRRFq/KCh8n+5/sbY=
